{"cameraMode":{"drawMode":0,"name":"Shaded","section":"Shading Mode"},"sceneLighting":true,"audioPlay":false,"sceneViewState":{"m_AlwaysRefresh":false,"showFog":true,"showSkybox":true,"showFlares":true,"showImageEffects":true,"showParticleSystems":true,"showVisualEffectGraphs":true,"m_FxEnabled":true},"in2DMode":false,"pivot":{"x":9.024100303649903,"y":1.6030097007751465,"z":-5.936401844024658},"rotation":{"x":0.11671076714992523,"y":-0.30606237053871157,"z":0.03783614560961723,"w":0.9440800547599793},"size":0.8660253882408142,"orthographic":false}